field,level,beads,seed,photons,method,rel_l2,mean_l1,seconds
centred,1.0,128,0,20000.0,mean (invariant),0.13151656616947324,0.17049752066029722,0.0005517005920410156
centred,1.0,128,0,20000.0,nearest bead,0.05463162600925302,0.08381689712909168,0.00015401840209960938
centred,1.0,128,0,20000.0,IDW kNN,0.04067331840655958,0.05201441505956314,0.00015473365783691406
centred,1.0,128,0,20000.0,poly pixels (PSFEx),0.024132575001507405,0.038115208568943744,0.0014100074768066406
centred,1.0,128,0,20000.0,PCA+poly (Jee07),0.025204707253988,0.040254108511745254,0.00821828842163086
centred,1.0,128,0,20000.0,PCA+RBF (Gentile13),0.02193394541883596,0.0350412601488954,0.21477437019348145
centred,1.0,128,0,20000.0,PCA+GP (PIFF-like),0.03002909050718684,0.04335489070834183,0.3277409076690674
centred,1.0,128,0,20000.0,Seidel-5 (physics),0.00044266185548131356,0.0005640325398946317,45.13513135910034
centred,1.0,128,0,20000.0,Zernike-quad-31 (physics),0.0007118910805401366,0.0010133022483893865,68.00227236747742
centred,1.0,128,0,20000.0,hybrid: Zquad + GP residual,0.0047940228263030835,0.004667549948783255,68.31133532524109
centred,1.0,128,1,20000.0,mean (invariant),0.13288747041555674,0.165245431000699,0.0005233287811279297
centred,1.0,128,1,20000.0,nearest bead,0.06092250049715391,0.08713794722444212,0.00015926361083984375
centred,1.0,128,1,20000.0,IDW kNN,0.05369102594015186,0.05834969174485649,0.00013971328735351562
centred,1.0,128,1,20000.0,poly pixels (PSFEx),0.026668079757794744,0.0382925436912562,0.001371622085571289
centred,1.0,128,1,20000.0,PCA+poly (Jee07),0.027390559484404668,0.039246694010214855,0.006561756134033203
centred,1.0,128,1,20000.0,PCA+RBF (Gentile13),0.027605526264810176,0.036418474383944126,0.2050309181213379
centred,1.0,128,1,20000.0,PCA+GP (PIFF-like),0.035188381108033885,0.043321894991016095,0.2828545570373535
centred,1.0,128,1,20000.0,Seidel-5 (physics),0.000415197470859601,0.0006483609468379452,43.24611973762512
centred,1.0,128,1,20000.0,Zernike-quad-31 (physics),0.0007136729706099652,0.0010396401964101753,69.54529094696045
centred,1.0,128,1,20000.0,hybrid: Zquad + GP residual,0.004548013542040837,0.004328631921146278,69.86359214782715
centred,1.0,128,2,20000.0,mean (invariant),0.13151912980533118,0.16846177898385856,0.0005571842193603516
centred,1.0,128,2,20000.0,nearest bead,0.05540178418518903,0.08425438102978922,0.0001647472381591797
centred,1.0,128,2,20000.0,IDW kNN,0.040597943009083974,0.051882975175748136,0.00014662742614746094
centred,1.0,128,2,20000.0,poly pixels (PSFEx),0.02452707779749875,0.037798949941920824,0.0015413761138916016
centred,1.0,128,2,20000.0,PCA+poly (Jee07),0.025750245564993102,0.0398877012176935,0.006823539733886719
centred,1.0,128,2,20000.0,PCA+RBF (Gentile13),0.022408976230352356,0.034909359189895954,0.23498106002807617
centred,1.0,128,2,20000.0,PCA+GP (PIFF-like),0.030515548459249746,0.04268363878657263,0.24775481224060059
centred,1.0,128,2,20000.0,Seidel-5 (physics),0.0005060311507543765,0.0007680469272797742,43.762325286865234
centred,1.0,128,2,20000.0,Zernike-quad-31 (physics),0.0007401674124305188,0.0011345642685299847,66.98021483421326
centred,1.0,128,2,20000.0,hybrid: Zquad + GP residual,0.0034793566437894626,0.0035112953182710894,67.28609490394592
decentred,1.0,128,0,20000.0,mean (invariant),0.20316172635838142,0.23453151809539807,0.0005273818969726562
decentred,1.0,128,0,20000.0,nearest bead,0.07607283696645606,0.09826160877036913,0.00014519691467285156
decentred,1.0,128,0,20000.0,IDW kNN,0.06535847957549513,0.06667647361669252,0.0002703666687011719
decentred,1.0,128,0,20000.0,poly pixels (PSFEx),0.05341023367927796,0.0673387869077839,0.0013666152954101562
decentred,1.0,128,0,20000.0,PCA+poly (Jee07),0.05432109784626081,0.06881379089265281,0.0070116519927978516
decentred,1.0,128,0,20000.0,PCA+RBF (Gentile13),0.027912650542202683,0.04464506577918481,0.2394561767578125
decentred,1.0,128,0,20000.0,PCA+GP (PIFF-like),0.029772843798039614,0.04481040725805211,0.22342967987060547
decentred,1.0,128,0,20000.0,Seidel-5 (physics),0.06974587463660346,0.11178480558637853,50.64178657531738
decentred,1.0,128,0,20000.0,Zernike-quad-31 (physics),0.04476322621808475,0.0702304456223246,73.77528119087219
decentred,1.0,128,0,20000.0,hybrid: Zquad + GP residual,0.022326748289953003,0.03545649011371914,74.22998642921448
decentred,1.0,128,1,20000.0,mean (invariant),0.21797665429119123,0.23405860499062964,0.00027680397033691406
decentred,1.0,128,1,20000.0,nearest bead,0.09421104997632734,0.10687983226629111,0.0002071857452392578
decentred,1.0,128,1,20000.0,IDW kNN,0.09548943129132695,0.0809253774241067,0.00016427040100097656
decentred,1.0,128,1,20000.0,poly pixels (PSFEx),0.06044542199268055,0.06644323057596377,0.0011925697326660156
decentred,1.0,128,1,20000.0,PCA+poly (Jee07),0.061711852540540145,0.06868192291383966,0.0065937042236328125
decentred,1.0,128,1,20000.0,PCA+RBF (Gentile13),0.03973952100784857,0.049904305175167446,0.20860648155212402
decentred,1.0,128,1,20000.0,PCA+GP (PIFF-like),0.04167308947721415,0.049343340104476906,0.22611308097839355
decentred,1.0,128,1,20000.0,Seidel-5 (physics),0.07990317669035214,0.12099614602473495,55.793731689453125
decentred,1.0,128,1,20000.0,Zernike-quad-31 (physics),0.06239031619589467,0.08813479815251589,63.13951253890991
decentred,1.0,128,1,20000.0,hybrid: Zquad + GP residual,0.031773896577330756,0.04115212825671696,63.49521827697754
decentred,1.0,128,2,20000.0,mean (invariant),0.2025721135235774,0.22675300826867387,0.0002722740173339844
decentred,1.0,128,2,20000.0,nearest bead,0.07793969405317121,0.10133854672701899,0.0001671314239501953
decentred,1.0,128,2,20000.0,IDW kNN,0.06680462601036927,0.06933300293138449,0.00013637542724609375
decentred,1.0,128,2,20000.0,poly pixels (PSFEx),0.05971080195228774,0.07969353489070485,0.0012006759643554688
decentred,1.0,128,2,20000.0,PCA+poly (Jee07),0.060464378830870795,0.0811349689619892,0.006687164306640625
decentred,1.0,128,2,20000.0,PCA+RBF (Gentile13),0.028629927148242074,0.04591496284694588,0.21579623222351074
decentred,1.0,128,2,20000.0,PCA+GP (PIFF-like),0.029038091447708816,0.04565368486798091,0.24921298027038574
decentred,1.0,128,2,20000.0,Seidel-5 (physics),0.06690608040802683,0.09810591149223212,55.517518043518066
decentred,1.0,128,2,20000.0,Zernike-quad-31 (physics),0.04764337061775881,0.07565061110121553,65.0173511505127
decentred,1.0,128,2,20000.0,hybrid: Zquad + GP residual,0.02372946694073551,0.038548242008751246,65.38539218902588
decentred,2.0,128,0,20000.0,mean (invariant),0.46066874660491447,0.46530895806594674,0.013983488082885742
decentred,2.0,128,0,20000.0,nearest bead,0.1398890343379863,0.14371913198129194,0.00020837783813476562
decentred,2.0,128,0,20000.0,IDW kNN,0.1188781641571888,0.10699554185321168,0.00015854835510253906
decentred,2.0,128,0,20000.0,poly pixels (PSFEx),0.12493519274300485,0.14531031737597683,0.0013251304626464844
decentred,2.0,128,0,20000.0,PCA+poly (Jee07),0.1299824456967906,0.1545522762176551,0.006865501403808594
decentred,2.0,128,0,20000.0,PCA+RBF (Gentile13),0.0775973860677289,0.11314360506402929,0.24565577507019043
decentred,2.0,128,0,20000.0,PCA+GP (PIFF-like),0.07572263121911804,0.11191356919102786,0.19817447662353516
decentred,2.0,128,0,20000.0,Seidel-5 (physics),0.17700359103577862,0.23460393816037672,74.11296916007996
decentred,2.0,128,0,20000.0,Zernike-quad-31 (physics),0.11280212060088075,0.15508087937006185,83.31805968284607
decentred,2.0,128,0,20000.0,hybrid: Zquad + GP residual,0.04487540540460883,0.0680209401314524,83.7249538898468
decentred,2.0,128,1,20000.0,mean (invariant),0.4743466156282671,0.45786481263257883,0.0002944469451904297
decentred,2.0,128,1,20000.0,nearest bead,0.1540588724846942,0.14833220738806796,0.00016236305236816406
decentred,2.0,128,1,20000.0,IDW kNN,0.15269001490931802,0.12046121087857292,0.00014543533325195312
decentred,2.0,128,1,20000.0,poly pixels (PSFEx),0.14266047088797634,0.13857197662234377,0.0011985301971435547
decentred,2.0,128,1,20000.0,PCA+poly (Jee07),0.14902974577661737,0.15309401896270217,0.00664973258972168
decentred,2.0,128,1,20000.0,PCA+RBF (Gentile13),0.09901753025136477,0.1196585077310264,0.29590725898742676
decentred,2.0,128,1,20000.0,PCA+GP (PIFF-like),0.09078454835371749,0.1164827216144051,0.2650163173675537
decentred,2.0,128,1,20000.0,Seidel-5 (physics),0.1958573642924574,0.25755438982089085,78.85261988639832
decentred,2.0,128,1,20000.0,Zernike-quad-31 (physics),0.13971928634663847,0.18866894945442267,77.7253406047821
decentred,2.0,128,1,20000.0,hybrid: Zquad + GP residual,0.05807806841434461,0.0760463457388209,78.08590722084045
decentred,2.0,128,2,20000.0,mean (invariant),0.457930521129621,0.4528277547278284,0.00028014183044433594
decentred,2.0,128,2,20000.0,nearest bead,0.1468649424980097,0.1509267348113262,0.00018286705017089844
decentred,2.0,128,2,20000.0,IDW kNN,0.12562415995679918,0.11424511556453247,0.00014543533325195312
decentred,2.0,128,2,20000.0,poly pixels (PSFEx),0.13466042969595557,0.16035199628243635,0.0012211799621582031
decentred,2.0,128,2,20000.0,PCA+poly (Jee07),0.13893762291804898,0.1694973350949095,0.006412506103515625
decentred,2.0,128,2,20000.0,PCA+RBF (Gentile13),0.08398577885957999,0.11916184933965607,0.20534062385559082
decentred,2.0,128,2,20000.0,PCA+GP (PIFF-like),0.08118625151335207,0.11776705182455857,0.19671106338500977
decentred,2.0,128,2,20000.0,Seidel-5 (physics),0.16794677296259125,0.2152972685378576,60.22158360481262
decentred,2.0,128,2,20000.0,Zernike-quad-31 (physics),0.13420775094545134,0.17346755218018492,76.27741432189941
decentred,2.0,128,2,20000.0,hybrid: Zquad + GP residual,0.0489812955931385,0.07627475645731652,76.61950445175171
centred,1.0,64,0,20000.0,mean (invariant),0.1318197262384134,0.17372544786840452,0.00019860267639160156
centred,1.0,64,0,20000.0,nearest bead,0.06271592737354742,0.0924795642134009,0.00010085105895996094
centred,1.0,64,0,20000.0,IDW kNN,0.046812783128090577,0.059896565199987574,9.679794311523438e-05
centred,1.0,64,0,20000.0,poly pixels (PSFEx),0.02736005109361617,0.045165684198128254,0.0009377002716064453
centred,1.0,64,0,20000.0,PCA+poly (Jee07),0.027548653666830857,0.0452420874293377,0.0023496150970458984
centred,1.0,64,0,20000.0,PCA+RBF (Gentile13),0.026141352678854576,0.041364517692015726,0.04373979568481445
centred,1.0,64,0,20000.0,PCA+GP (PIFF-like),0.035043953279294514,0.049983436945788155,0.12258720397949219
centred,1.0,64,0,20000.0,Seidel-5 (physics),0.0005628534784230493,0.0007926003529359538,18.230419397354126
centred,1.0,64,0,20000.0,Zernike-quad-31 (physics),0.0011818721299146574,0.0017724145788655943,20.479637384414673
centred,1.0,64,0,20000.0,hybrid: Zquad + GP residual,0.004065582794077777,0.004825953942367454,20.715644359588623
centred,1.0,64,1,20000.0,mean (invariant),0.13365084375296316,0.16530695965663447,0.0003292560577392578
centred,1.0,64,1,20000.0,nearest bead,0.07218061361441065,0.0963106903113853,9.131431579589844e-05
centred,1.0,64,1,20000.0,IDW kNN,0.07040366434669036,0.07173112544117755,8.416175842285156e-05
centred,1.0,64,1,20000.0,poly pixels (PSFEx),0.03226794536680952,0.04740388733846343,0.0008287429809570312
centred,1.0,64,1,20000.0,PCA+poly (Jee07),0.03137742746421173,0.04537178930533927,0.0030977725982666016
centred,1.0,64,1,20000.0,PCA+RBF (Gentile13),0.03796869683901615,0.04613429095176759,0.04199051856994629
centred,1.0,64,1,20000.0,PCA+GP (PIFF-like),0.04684757797761492,0.05290614483856989,0.12546324729919434
centred,1.0,64,1,20000.0,Seidel-5 (physics),0.00047289684976534614,0.0006544661443229473,17.920398235321045
centred,1.0,64,1,20000.0,Zernike-quad-31 (physics),0.0010875997062753005,0.0014971657479385858,22.85509967803955
centred,1.0,64,1,20000.0,hybrid: Zquad + GP residual,0.006027184157516827,0.0070100935102314355,23.04870057106018
centred,1.0,64,2,20000.0,mean (invariant),0.13254256003518788,0.168667892783443,0.00018405914306640625
centred,1.0,64,2,20000.0,nearest bead,0.06999462725295616,0.09582064391613171,8.58306884765625e-05
centred,1.0,64,2,20000.0,IDW kNN,0.058074171057437195,0.06506543889279788,7.653236389160156e-05
centred,1.0,64,2,20000.0,poly pixels (PSFEx),0.028687372604189663,0.045511017773586966,0.0007965564727783203
centred,1.0,64,2,20000.0,PCA+poly (Jee07),0.028044112472265917,0.04431375995938945,0.0023157596588134766
centred,1.0,64,2,20000.0,PCA+RBF (Gentile13),0.03164906808488622,0.04399348653338878,0.03925204277038574
centred,1.0,64,2,20000.0,PCA+GP (PIFF-like),0.040485510971094305,0.05107159888364038,0.12597250938415527
centred,1.0,64,2,20000.0,Seidel-5 (physics),0.0004977916236568876,0.0007165331521505806,18.001250505447388
centred,1.0,64,2,20000.0,Zernike-quad-31 (physics),0.0010378422542575976,0.0014812690081438648,22.209958791732788
centred,1.0,64,2,20000.0,hybrid: Zquad + GP residual,0.0038787296013786145,0.004903377422989592,22.409874439239502
decentred,1.0,64,0,20000.0,mean (invariant),0.20407141917284094,0.24109725750785518,0.0003223419189453125
decentred,1.0,64,0,20000.0,nearest bead,0.09284843214025953,0.11240277775092383,0.0001125335693359375
decentred,1.0,64,0,20000.0,IDW kNN,0.07455220125395173,0.07870510311608678,8.7738037109375e-05
decentred,1.0,64,0,20000.0,poly pixels (PSFEx),0.05811354164246472,0.07585337333665408,0.0008480548858642578
decentred,1.0,64,0,20000.0,PCA+poly (Jee07),0.058062997979847986,0.07579372214182288,0.002415895462036133
decentred,1.0,64,0,20000.0,PCA+RBF (Gentile13),0.032698807220488665,0.051531008375122506,0.03966689109802246
decentred,1.0,64,0,20000.0,PCA+GP (PIFF-like),0.036661269348852624,0.05354778753580122,0.08726263046264648
decentred,1.0,64,0,20000.0,Seidel-5 (physics),0.06862499689953133,0.11101085405909626,20.922783851623535
decentred,1.0,64,0,20000.0,Zernike-quad-31 (physics),0.04454272548127012,0.07047760875575221,23.7517352104187
decentred,1.0,64,0,20000.0,hybrid: Zquad + GP residual,0.026871223546036126,0.04173176080581331,23.987755298614502
decentred,1.0,64,1,20000.0,mean (invariant),0.21993004533513683,0.23455031249940916,0.0002930164337158203
decentred,1.0,64,1,20000.0,nearest bead,0.11901650040956935,0.12452487666699764,7.843971252441406e-05
decentred,1.0,64,1,20000.0,IDW kNN,0.1261970229494926,0.10270361896082607,7.43865966796875e-05
decentred,1.0,64,1,20000.0,poly pixels (PSFEx),0.06919915985545441,0.07593216186999346,0.0008294582366943359
decentred,1.0,64,1,20000.0,PCA+poly (Jee07),0.07059911126480765,0.07789055989617971,0.0023508071899414062
decentred,1.0,64,1,20000.0,PCA+RBF (Gentile13),0.06381705480875029,0.06727978600439788,0.04130291938781738
decentred,1.0,64,1,20000.0,PCA+GP (PIFF-like),0.08047650462439343,0.0749703828744586,0.12266659736633301
decentred,1.0,64,1,20000.0,Seidel-5 (physics),0.07930878801555051,0.12041583951862354,20.802884340286255
decentred,1.0,64,1,20000.0,Zernike-quad-31 (physics),0.06154894890031191,0.08750274529475603,24.00906014442444
decentred,1.0,64,1,20000.0,hybrid: Zquad + GP residual,0.03795964853102992,0.048008682695990616,24.21597123146057
decentred,1.0,64,2,20000.0,mean (invariant),0.20381507690565073,0.22633012159182492,0.00018715858459472656
decentred,1.0,64,2,20000.0,nearest bead,0.11275511194202674,0.12500005631801678,0.000102996826171875
decentred,1.0,64,2,20000.0,IDW kNN,0.10406439672731083,0.09557892262738722,9.512901306152344e-05
decentred,1.0,64,2,20000.0,poly pixels (PSFEx),0.07049840077690864,0.08630451861638497,0.0009350776672363281
decentred,1.0,64,2,20000.0,PCA+poly (Jee07),0.07098142035713764,0.08604140628052498,0.0022766590118408203
decentred,1.0,64,2,20000.0,PCA+RBF (Gentile13),0.05484727487328526,0.06352849082243177,0.042609214782714844
decentred,1.0,64,2,20000.0,PCA+GP (PIFF-like),0.0694812844494063,0.07005089353294786,0.09649825096130371
decentred,1.0,64,2,20000.0,Seidel-5 (physics),0.06822599206021682,0.0986800611094012,22.75043773651123
decentred,1.0,64,2,20000.0,Zernike-quad-31 (physics),0.0484452540763986,0.07609869250110642,24.660799264907837
decentred,1.0,64,2,20000.0,hybrid: Zquad + GP residual,0.031903906914116716,0.04657894255077307,24.866984844207764
decentred,2.0,64,0,20000.0,mean (invariant),0.4615169548229425,0.46931713687438464,0.00030040740966796875
decentred,2.0,64,0,20000.0,nearest bead,0.18024899030568067,0.1757866464575176,9.775161743164062e-05
decentred,2.0,64,0,20000.0,IDW kNN,0.15047152492674912,0.139193289761662,8.654594421386719e-05
decentred,2.0,64,0,20000.0,poly pixels (PSFEx),0.13650177351808154,0.1604802753255821,0.0008606910705566406
decentred,2.0,64,0,20000.0,PCA+poly (Jee07),0.14154619861923046,0.1700636403263835,0.0023169517517089844
decentred,2.0,64,0,20000.0,PCA+RBF (Gentile13),0.09092520503021242,0.12823851742411305,0.04236721992492676
decentred,2.0,64,0,20000.0,PCA+GP (PIFF-like),0.08747852902036865,0.12619701299530428,0.06780767440795898
decentred,2.0,64,0,20000.0,Seidel-5 (physics),0.1766752489334232,0.23443865746688294,26.14749574661255
decentred,2.0,64,0,20000.0,Zernike-quad-31 (physics),0.11408620891571446,0.1562026098453065,35.77264356613159
decentred,2.0,64,0,20000.0,hybrid: Zquad + GP residual,0.051706271030763425,0.07842192907851572,36.002885580062866
decentred,2.0,64,1,20000.0,mean (invariant),0.47696166512971244,0.46080726399671146,0.00030112266540527344
decentred,2.0,64,1,20000.0,nearest bead,0.20041874794865164,0.18338592044297997,8.344650268554688e-05
decentred,2.0,64,1,20000.0,IDW kNN,0.2081048325104279,0.162951054370189,0.0002429485321044922
decentred,2.0,64,1,20000.0,poly pixels (PSFEx),0.15633626826495015,0.14658404566006394,0.0008535385131835938
decentred,2.0,64,1,20000.0,PCA+poly (Jee07),0.16184964867702403,0.159968165102576,0.0023446083068847656
decentred,2.0,64,1,20000.0,PCA+RBF (Gentile13),0.119867054518044,0.13184656906905856,0.04880237579345703
decentred,2.0,64,1,20000.0,PCA+GP (PIFF-like),0.10977705763853286,0.1286801006066335,0.07067465782165527
decentred,2.0,64,1,20000.0,Seidel-5 (physics),0.196234622099817,0.2557141591942335,26.305284023284912
decentred,2.0,64,1,20000.0,Zernike-quad-31 (physics),0.1409493346167918,0.18852045379980764,46.40140247344971
decentred,2.0,64,1,20000.0,hybrid: Zquad + GP residual,0.06142472718041043,0.08126989171485449,46.7683322429657
decentred,2.0,64,2,20000.0,mean (invariant),0.45918052217418515,0.4534097033194051,0.00019311904907226562
decentred,2.0,64,2,20000.0,nearest bead,0.2086318495109987,0.19540593063953682,0.00010466575622558594
decentred,2.0,64,2,20000.0,IDW kNN,0.1800517543205452,0.16145717143854846,9.083747863769531e-05
decentred,2.0,64,2,20000.0,poly pixels (PSFEx),0.14677662969539115,0.16845280176653446,0.0009448528289794922
decentred,2.0,64,2,20000.0,PCA+poly (Jee07),0.1493295237247486,0.1743287647904742,0.002348661422729492
decentred,2.0,64,2,20000.0,PCA+RBF (Gentile13),0.106030287321028,0.13415428507499058,0.042786359786987305
decentred,2.0,64,2,20000.0,PCA+GP (PIFF-like),0.10392872012397633,0.13338031795515257,0.06711316108703613
decentred,2.0,64,2,20000.0,Seidel-5 (physics),0.17056455393964898,0.21657525010020176,26.175301551818848
decentred,2.0,64,2,20000.0,Zernike-quad-31 (physics),0.13511043895239386,0.1744940840240987,45.4476842880249
decentred,2.0,64,2,20000.0,hybrid: Zquad + GP residual,0.059634963348881895,0.08763203006306372,45.746426820755005
centred,1.0,32,0,20000.0,mean (invariant),0.13169666838887428,0.17032449161002278,0.00020933151245117188
centred,1.0,32,0,20000.0,nearest bead,0.07701403755412917,0.10481939656629058,6.29425048828125e-05
centred,1.0,32,0,20000.0,IDW kNN,0.06611820010019391,0.07602705325489996,5.1021575927734375e-05
centred,1.0,32,0,20000.0,poly pixels (PSFEx),0.039091634763990364,0.0614643689912564,0.0008389949798583984
centred,1.0,32,0,20000.0,PCA+poly (Jee07),0.036273525415128356,0.05595047585491258,0.0011000633239746094
centred,1.0,32,0,20000.0,PCA+RBF (Gentile13),0.03655152771877869,0.05455918799632011,0.013456106185913086
centred,1.0,32,0,20000.0,PCA+GP (PIFF-like),0.05037069082960572,0.06383963768480252,0.0753016471862793
centred,1.0,32,0,20000.0,Seidel-5 (physics),0.0009960952073460676,0.0011930612276611313,6.915095090866089
centred,1.0,32,0,20000.0,Zernike-quad-31 (physics),0.0018374579502176808,0.002423813104581934,8.290055751800537
centred,1.0,32,0,20000.0,hybrid: Zquad + GP residual,0.00543832242039585,0.0071499358120705354,8.46259093284607
centred,1.0,32,1,20000.0,mean (invariant),0.13370384758083956,0.16714963110033204,0.0001780986785888672
centred,1.0,32,1,20000.0,nearest bead,0.09516210142102222,0.11321257903280779,8.940696716308594e-05
centred,1.0,32,1,20000.0,IDW kNN,0.09383995848813753,0.09177807529074956,9.274482727050781e-05
centred,1.0,32,1,20000.0,poly pixels (PSFEx),0.059669635688810334,0.07402666408040043,0.0010080337524414062
centred,1.0,32,1,20000.0,PCA+poly (Jee07),0.0551998363759826,0.06402253897029067,0.0016889572143554688
centred,1.0,32,1,20000.0,PCA+RBF (Gentile13),0.059517001565965046,0.06531130870290311,0.02124810218811035
centred,1.0,32,1,20000.0,PCA+GP (PIFF-like),0.07682409854587616,0.07501823811125799,0.08311200141906738
centred,1.0,32,1,20000.0,Seidel-5 (physics),0.0005891636435165604,0.0008118944225069298,7.609674692153931
centred,1.0,32,1,20000.0,Zernike-quad-31 (physics),0.0013456563778324133,0.0019179501712605336,13.020193099975586
centred,1.0,32,1,20000.0,hybrid: Zquad + GP residual,0.008926006442318902,0.011941389343279627,13.270875692367554
centred,1.0,32,2,20000.0,mean (invariant),0.1360361644536075,0.16621874980875992,0.00022554397583007812
centred,1.0,32,2,20000.0,nearest bead,0.08588121105835665,0.11022982294160885,0.00029778480529785156
centred,1.0,32,2,20000.0,IDW kNN,0.09179564800787698,0.0928242789703067,6.0558319091796875e-05
centred,1.0,32,2,20000.0,poly pixels (PSFEx),0.053095762383881834,0.07572794944319097,0.0007336139678955078
centred,1.0,32,2,20000.0,PCA+poly (Jee07),0.047719561854740425,0.06439166813230081,0.0015835762023925781
centred,1.0,32,2,20000.0,PCA+RBF (Gentile13),0.05576808336411727,0.06620670553902912,0.013228416442871094
centred,1.0,32,2,20000.0,PCA+GP (PIFF-like),0.07590013293318644,0.07816217064932643,0.08172345161437988
centred,1.0,32,2,20000.0,Seidel-5 (physics),0.0004900640582629277,0.000644785917560637,9.88287353515625
centred,1.0,32,2,20000.0,Zernike-quad-31 (physics),0.002006407194196042,0.002939002323001654,12.072420120239258
centred,1.0,32,2,20000.0,hybrid: Zquad + GP residual,0.005966859212099616,0.007926306437202334,12.25580644607544
decentred,1.0,32,0,20000.0,mean (invariant),0.20377341674331267,0.23394611861815712,0.00020456314086914062
decentred,1.0,32,0,20000.0,nearest bead,0.12122210553371282,0.1338111502770807,9.989738464355469e-05
decentred,1.0,32,0,20000.0,IDW kNN,0.10926629978541988,0.10438422471366092,6.508827209472656e-05
decentred,1.0,32,0,20000.0,poly pixels (PSFEx),0.06988385848949957,0.09080946542236552,0.0047833919525146484
decentred,1.0,32,0,20000.0,PCA+poly (Jee07),0.0688164257625067,0.08791889597537342,0.0052793025970458984
decentred,1.0,32,0,20000.0,PCA+RBF (Gentile13),0.05395638568448316,0.07065899277284134,0.0328366756439209
decentred,1.0,32,0,20000.0,PCA+GP (PIFF-like),0.07191763968308454,0.07830930066498004,0.16667485237121582
decentred,1.0,32,0,20000.0,Seidel-5 (physics),0.06874720369055415,0.11144177648727983,12.539325475692749
decentred,1.0,32,0,20000.0,Zernike-quad-31 (physics),0.04668891303027362,0.07171761063515142,13.295375108718872
decentred,1.0,32,0,20000.0,hybrid: Zquad + GP residual,0.03404349295402314,0.05038342554212572,13.680813789367676
decentred,1.0,32,1,20000.0,mean (invariant),0.21773998130090358,0.23703040216107008,0.0001633167266845703
decentred,1.0,32,1,20000.0,nearest bead,0.15951091307970203,0.15211918020951595,0.00011229515075683594
decentred,1.0,32,1,20000.0,IDW kNN,0.1625704773599478,0.13402512690242283,6.699562072753906e-05
decentred,1.0,32,1,20000.0,poly pixels (PSFEx),0.13682299782442456,0.11023222028735419,0.0009515285491943359
decentred,1.0,32,1,20000.0,PCA+poly (Jee07),0.1330449114865498,0.10589565451986675,0.0015845298767089844
decentred,1.0,32,1,20000.0,PCA+RBF (Gentile13),0.1019033779309062,0.09272742548855671,0.01921987533569336
decentred,1.0,32,1,20000.0,PCA+GP (PIFF-like),0.13893522970972008,0.11399382042695559,0.20851826667785645
decentred,1.0,32,1,20000.0,Seidel-5 (physics),0.07633730082403593,0.11887957903499223,9.724631309509277
decentred,1.0,32,1,20000.0,Zernike-quad-31 (physics),0.062423725005069715,0.09027050589186542,12.677460432052612
decentred,1.0,32,1,20000.0,hybrid: Zquad + GP residual,0.04649534572833711,0.060631570326106714,12.95956563949585
decentred,1.0,32,2,20000.0,mean (invariant),0.20912203182903352,0.22205237852666487,0.00029015541076660156
decentred,1.0,32,2,20000.0,nearest bead,0.13818362369695447,0.14714453063669689,6.985664367675781e-05
decentred,1.0,32,2,20000.0,IDW kNN,0.153747433174268,0.13467839389283476,5.698204040527344e-05
decentred,1.0,32,2,20000.0,poly pixels (PSFEx),0.0947939319498663,0.11637942700683082,0.0007622241973876953
decentred,1.0,32,2,20000.0,PCA+poly (Jee07),0.09075029923552955,0.10986451036438856,0.0010132789611816406
decentred,1.0,32,2,20000.0,PCA+RBF (Gentile13),0.08748573894682846,0.09366169036570197,0.03124213218688965
decentred,1.0,32,2,20000.0,PCA+GP (PIFF-like),0.1326309517592709,0.11744262443129526,0.06691789627075195
decentred,1.0,32,2,20000.0,Seidel-5 (physics),0.06634803062934119,0.09777337119485124,11.281498670578003
decentred,1.0,32,2,20000.0,Zernike-quad-31 (physics),0.054393583147656695,0.08042662866173919,12.84926986694336
decentred,1.0,32,2,20000.0,hybrid: Zquad + GP residual,0.04243326130674636,0.062343025007890476,13.565274715423584
decentred,2.0,32,0,20000.0,mean (invariant),0.4634042328532844,0.4599547187036905,0.00012612342834472656
decentred,2.0,32,0,20000.0,nearest bead,0.2422807603509054,0.22407250665121423,5.91278076171875e-05
decentred,2.0,32,0,20000.0,IDW kNN,0.236070120741731,0.20452195500236572,5.1021575927734375e-05
decentred,2.0,32,0,20000.0,poly pixels (PSFEx),0.15968794770889466,0.17883235703315015,0.0006492137908935547
decentred,2.0,32,0,20000.0,PCA+poly (Jee07),0.16587598569982417,0.18873247654977038,0.0010762214660644531
decentred,2.0,32,0,20000.0,PCA+RBF (Gentile13),0.12516697365733045,0.14940451103981423,0.012193679809570312
decentred,2.0,32,0,20000.0,PCA+GP (PIFF-like),0.11775272386635234,0.14382488957583767,0.04765748977661133
decentred,2.0,32,0,20000.0,Seidel-5 (physics),0.17473140799504666,0.23360075156297652,14.317143201828003
decentred,2.0,32,0,20000.0,Zernike-quad-31 (physics),0.1167998312933451,0.15869384934850325,25.566441774368286
decentred,2.0,32,0,20000.0,hybrid: Zquad + GP residual,0.0689066156768654,0.09437790189686354,25.73408079147339
decentred,2.0,32,1,20000.0,mean (invariant),0.4733958744733847,0.4631003636590362,0.00015664100646972656
decentred,2.0,32,1,20000.0,nearest bead,0.3112416271056314,0.2496277651627515,7.128715515136719e-05
decentred,2.0,32,1,20000.0,IDW kNN,0.313541439918144,0.23845158573738523,7.2479248046875e-05
decentred,2.0,32,1,20000.0,poly pixels (PSFEx),0.21858785221287214,0.19171665071786517,0.0007481575012207031
decentred,2.0,32,1,20000.0,PCA+poly (Jee07),0.22103315400939338,0.20158070789940663,0.0010998249053955078
decentred,2.0,32,1,20000.0,PCA+RBF (Gentile13),0.18201080360429414,0.16792453560120232,0.01230931282043457
decentred,2.0,32,1,20000.0,PCA+GP (PIFF-like),0.18856582672140978,0.1707775492461221,0.038735389709472656
decentred,2.0,32,1,20000.0,Seidel-5 (physics),0.19951049957214695,0.2596256731394597,13.754339933395386
decentred,2.0,32,1,20000.0,Zernike-quad-31 (physics),0.14983555537688859,0.19675750380153867,19.965003490447998
decentred,2.0,32,1,20000.0,hybrid: Zquad + GP residual,0.08125786116504637,0.10332028955685131,20.137325525283813
decentred,2.0,32,2,20000.0,mean (invariant),0.47001569676515464,0.4484121182518759,0.00017762184143066406
decentred,2.0,32,2,20000.0,nearest bead,0.27818338562572814,0.25113812533040114,5.984306335449219e-05
decentred,2.0,32,2,20000.0,IDW kNN,0.2999838681540028,0.24605240716600374,5.340576171875e-05
decentred,2.0,32,2,20000.0,poly pixels (PSFEx),0.19486545459556692,0.20528706235142444,0.0006551742553710938
decentred,2.0,32,2,20000.0,PCA+poly (Jee07),0.1925074703829405,0.2066558754062904,0.0010573863983154297
decentred,2.0,32,2,20000.0,PCA+RBF (Gentile13),0.15266811393370944,0.16682993280439146,0.012202024459838867
decentred,2.0,32,2,20000.0,PCA+GP (PIFF-like),0.17996381824101787,0.17789186400839663,0.04950141906738281
decentred,2.0,32,2,20000.0,Seidel-5 (physics),0.1695578490873712,0.21606597896623356,14.358673095703125
decentred,2.0,32,2,20000.0,Zernike-quad-31 (physics),0.1454236832123051,0.18164710173671506,19.030853271484375
decentred,2.0,32,2,20000.0,hybrid: Zquad + GP residual,0.10088674063809404,0.12071127108689879,19.44366216659546
centred,1.0,16,0,20000.0,mean (invariant),0.1352324581483401,0.18333420439138493,0.00012230873107910156
centred,1.0,16,0,20000.0,nearest bead,0.10902483471951681,0.13434575644951774,7.772445678710938e-05
centred,1.0,16,0,20000.0,IDW kNN,0.09151116357932236,0.10380232248048538,5.221366882324219e-05
centred,1.0,16,0,20000.0,poly pixels (PSFEx),0.07532296577767283,0.09956475779100592,0.0005006790161132812
centred,1.0,16,0,20000.0,PCA+poly (Jee07),0.07584927654978207,0.09496722365387061,0.0006666183471679688
centred,1.0,16,0,20000.0,PCA+RBF (Gentile13),0.0838683513190233,0.09419970381244386,0.013972043991088867
centred,1.0,16,0,20000.0,PCA+GP (PIFF-like),0.0829441962161612,0.10255842075319135,0.18641233444213867
centred,1.0,16,0,20000.0,Seidel-5 (physics),0.0009480037624318631,0.0011675175152105882,4.250126838684082
centred,1.0,16,0,20000.0,Zernike-quad-31 (physics),0.0027996678919114007,0.00371289383392073,3.893996238708496
centred,1.0,16,0,20000.0,hybrid: Zquad + GP residual,0.014227312080380453,0.023154304211307795,4.0755462646484375
centred,1.0,16,1,20000.0,mean (invariant),0.13367822602503482,0.16935838370859344,0.0001304149627685547
centred,1.0,16,1,20000.0,nearest bead,0.10555078029603569,0.1277071577783297,5.7697296142578125e-05
centred,1.0,16,1,20000.0,IDW kNN,0.10787245398780072,0.11107605208806653,5.412101745605469e-05
centred,1.0,16,1,20000.0,poly pixels (PSFEx),0.04721469073937612,0.07187787891671811,0.0004684925079345703
centred,1.0,16,1,20000.0,PCA+poly (Jee07),0.04799031643392068,0.07234773040318036,0.0006453990936279297
centred,1.0,16,1,20000.0,PCA+RBF (Gentile13),0.06820262736880305,0.08610104631404779,0.00544285774230957
centred,1.0,16,1,20000.0,PCA+GP (PIFF-like),0.1291735189485477,0.1592743222221872,0.02659153938293457
centred,1.0,16,1,20000.0,Seidel-5 (physics),0.0007529189288945506,0.0012457460702996561,3.1636550426483154
centred,1.0,16,1,20000.0,Zernike-quad-31 (physics),0.00425312328911499,0.005241544638124128,5.138366222381592
centred,1.0,16,1,20000.0,hybrid: Zquad + GP residual,0.008933436744539374,0.013561290236481126,5.5066869258880615
centred,1.0,16,2,20000.0,mean (invariant),0.1345892888011038,0.1674719778511099,0.0001304149627685547
centred,1.0,16,2,20000.0,nearest bead,0.0989343755039354,0.12672270150720324,6.389617919921875e-05
centred,1.0,16,2,20000.0,IDW kNN,0.09975642065329444,0.10588399602817535,5.555152893066406e-05
centred,1.0,16,2,20000.0,poly pixels (PSFEx),0.044240926503154615,0.06966551644698199,0.0005199909210205078
centred,1.0,16,2,20000.0,PCA+poly (Jee07),0.046158831167256296,0.06995328489567348,0.0006570816040039062
centred,1.0,16,2,20000.0,PCA+RBF (Gentile13),0.06574371366465886,0.08336033125948217,0.0051136016845703125
centred,1.0,16,2,20000.0,PCA+GP (PIFF-like),0.11083907440323405,0.12458390578640668,0.0598294734954834
centred,1.0,16,2,20000.0,Seidel-5 (physics),0.0006782136132228963,0.0008757834108798867,3.328962802886963
centred,1.0,16,2,20000.0,Zernike-quad-31 (physics),0.0035251608967420437,0.003942524524847484,4.1194167137146
centred,1.0,16,2,20000.0,hybrid: Zquad + GP residual,0.010447369428293546,0.016905473156200647,4.331881999969482
decentred,1.0,16,0,20000.0,mean (invariant),0.21142716922483132,0.2610552524405442,0.00011563301086425781
decentred,1.0,16,0,20000.0,nearest bead,0.17675255262310874,0.18591519960893452,5.4836273193359375e-05
decentred,1.0,16,0,20000.0,IDW kNN,0.14448924243009506,0.14797219704964068,4.649162292480469e-05
decentred,1.0,16,0,20000.0,poly pixels (PSFEx),0.10610178035836644,0.1426799875767125,0.0004534721374511719
decentred,1.0,16,0,20000.0,PCA+poly (Jee07),0.10596699557005729,0.1437027610937297,0.0006639957427978516
decentred,1.0,16,0,20000.0,PCA+RBF (Gentile13),0.13675569795924425,0.1384073403286995,0.0049021244049072266
decentred,1.0,16,0,20000.0,PCA+GP (PIFF-like),0.12278554058848792,0.14159885568664046,0.11520695686340332
decentred,1.0,16,0,20000.0,Seidel-5 (physics),0.06708704091290021,0.11008954723577354,4.511228322982788
decentred,1.0,16,0,20000.0,Zernike-quad-31 (physics),0.05078090362793543,0.07528357968958731,6.439203977584839
decentred,1.0,16,0,20000.0,hybrid: Zquad + GP residual,0.04955901788230443,0.07152032018438989,6.638752460479736
decentred,1.0,16,1,20000.0,mean (invariant),0.21834224826026974,0.23886831665705197,0.00012731552124023438
decentred,1.0,16,1,20000.0,nearest bead,0.1766391653396604,0.17471736635825053,5.1975250244140625e-05
decentred,1.0,16,1,20000.0,IDW kNN,0.1825459831125323,0.16044238826033735,5.340576171875e-05
decentred,1.0,16,1,20000.0,poly pixels (PSFEx),0.0870065637490505,0.11159881962433202,0.0004904270172119141
decentred,1.0,16,1,20000.0,PCA+poly (Jee07),0.08692688085537859,0.11207548534935625,0.0006432533264160156
decentred,1.0,16,1,20000.0,PCA+RBF (Gentile13),0.11867077264747737,0.11860302849655611,0.005402326583862305
decentred,1.0,16,1,20000.0,PCA+GP (PIFF-like),0.20515114649637173,0.2143551363025057,0.10709786415100098
decentred,1.0,16,1,20000.0,Seidel-5 (physics),0.07576079363950468,0.11869335875481656,4.248185634613037
decentred,1.0,16,1,20000.0,Zernike-quad-31 (physics),0.07352835879608102,0.09595061554663536,4.912111043930054
decentred,1.0,16,1,20000.0,hybrid: Zquad + GP residual,0.06452855020674957,0.07656788968057837,5.065370559692383
decentred,1.0,16,2,20000.0,mean (invariant),0.20655569911108265,0.22485139512112587,0.00011396408081054688
decentred,1.0,16,2,20000.0,nearest bead,0.15597979864846417,0.17032289651216956,5.1975250244140625e-05
decentred,1.0,16,2,20000.0,IDW kNN,0.1639124996891735,0.1526782144019668,4.267692565917969e-05
decentred,1.0,16,2,20000.0,poly pixels (PSFEx),0.08616287311983593,0.11764705865649949,0.0004322528839111328
decentred,1.0,16,2,20000.0,PCA+poly (Jee07),0.0873113085567972,0.11751547648519038,0.0006139278411865234
decentred,1.0,16,2,20000.0,PCA+RBF (Gentile13),0.11188620107449224,0.12303657060938515,0.005121469497680664
decentred,1.0,16,2,20000.0,PCA+GP (PIFF-like),0.15986025931588294,0.15393564043649585,0.09575581550598145
decentred,1.0,16,2,20000.0,Seidel-5 (physics),0.06519315508697049,0.09747428650969121,4.1641058921813965
decentred,1.0,16,2,20000.0,Zernike-quad-31 (physics),0.053409003434260235,0.08179760799902763,4.767149209976196
decentred,1.0,16,2,20000.0,hybrid: Zquad + GP residual,0.053430537985630126,0.08102714092715319,5.138646364212036
decentred,2.0,16,0,20000.0,mean (invariant),0.4663903762353453,0.48038973199976553,0.0001289844512939453
decentred,2.0,16,0,20000.0,nearest bead,0.3709401551654405,0.3261468762925912,5.245208740234375e-05
decentred,2.0,16,0,20000.0,IDW kNN,0.32732514777950944,0.29532064383397516,4.744529724121094e-05
decentred,2.0,16,0,20000.0,poly pixels (PSFEx),0.2984439426648371,0.3332825737393233,0.0005125999450683594
decentred,2.0,16,0,20000.0,PCA+poly (Jee07),0.30397450725648056,0.3407010586970022,0.0008251667022705078
decentred,2.0,16,0,20000.0,PCA+RBF (Gentile13),0.2431435016868027,0.24073565715169265,0.005332231521606445
decentred,2.0,16,0,20000.0,PCA+GP (PIFF-like),0.26012438763038664,0.2572535204734611,0.04613828659057617
decentred,2.0,16,0,20000.0,Seidel-5 (physics),0.1737738362410195,0.233129279090857,5.115173101425171
decentred,2.0,16,0,20000.0,Zernike-quad-31 (physics),0.12421724907268512,0.16459753298636992,10.25358271598816
decentred,2.0,16,0,20000.0,hybrid: Zquad + GP residual,0.11201039979522884,0.14000367286704019,10.419317245483398
decentred,2.0,16,1,20000.0,mean (invariant),0.4752536496501859,0.4633243706405968,0.00012493133544921875
decentred,2.0,16,1,20000.0,nearest bead,0.36666926964082436,0.29989260333451956,4.7206878662109375e-05
decentred,2.0,16,1,20000.0,IDW kNN,0.3707205027462739,0.2957413754688869,5.984306335449219e-05
decentred,2.0,16,1,20000.0,poly pixels (PSFEx),0.2110548062434032,0.2281060582026432,0.00047850608825683594
decentred,2.0,16,1,20000.0,PCA+poly (Jee07),0.21125135796780198,0.22870817480512162,0.0005755424499511719
decentred,2.0,16,1,20000.0,PCA+RBF (Gentile13),0.2095102033254494,0.19764862190179433,0.005095005035400391
decentred,2.0,16,1,20000.0,PCA+GP (PIFF-like),0.26310114899128345,0.2214649746716633,0.05317068099975586
decentred,2.0,16,1,20000.0,Seidel-5 (physics),0.19715088813858755,0.25770564387724954,5.041075229644775
decentred,2.0,16,1,20000.0,Zernike-quad-31 (physics),0.15617711798197254,0.20040323397744741,7.142852067947388
decentred,2.0,16,1,20000.0,hybrid: Zquad + GP residual,0.10517382976672263,0.12622241488663427,7.8789002895355225
decentred,2.0,16,2,20000.0,mean (invariant),0.4666537468497501,0.45212847021158786,0.0001201629638671875
decentred,2.0,16,2,20000.0,nearest bead,0.33016722190979597,0.305107876749888,5.698204040527344e-05
decentred,2.0,16,2,20000.0,IDW kNN,0.32868830138686095,0.28792846100389013,5.8650970458984375e-05
decentred,2.0,16,2,20000.0,poly pixels (PSFEx),0.18816213591911166,0.23535952463069768,0.00047397613525390625
decentred,2.0,16,2,20000.0,PCA+poly (Jee07),0.1877932294511747,0.23482713024536986,0.0005772113800048828
decentred,2.0,16,2,20000.0,PCA+RBF (Gentile13),0.18785725506061215,0.2050341043462639,0.005671024322509766
decentred,2.0,16,2,20000.0,PCA+GP (PIFF-like),0.2732412039873056,0.2501548779223962,0.06932902336120605
decentred,2.0,16,2,20000.0,Seidel-5 (physics),0.17052823561654937,0.21698051999331966,5.109484672546387
decentred,2.0,16,2,20000.0,Zernike-quad-31 (physics),0.1452888992758512,0.18300220129558284,6.512744426727295
decentred,2.0,16,2,20000.0,hybrid: Zquad + GP residual,0.11979627346507582,0.14340553885210147,6.95804238319397
centred,1.0,8,0,20000.0,mean (invariant),0.14743577399618005,0.20332546662316597,0.00010776519775390625
centred,1.0,8,0,20000.0,nearest bead,0.14503794458458086,0.16785612348271042,4.8160552978515625e-05
centred,1.0,8,0,20000.0,IDW kNN,0.10965567879376152,0.14240755960047533,4.9114227294921875e-05
centred,1.0,8,0,20000.0,poly pixels (PSFEx),0.17433394016613843,0.22201831405618772,0.0003936290740966797
centred,1.0,8,0,20000.0,PCA+poly (Jee07),0.17436667377366452,0.2220646175387156,0.0003783702850341797
centred,1.0,8,0,20000.0,PCA+RBF (Gentile13),0.10422172038060894,0.14256244632321746,0.0027680397033691406
centred,1.0,8,0,20000.0,PCA+GP (PIFF-like),0.1439539076098288,0.19812976687838701,0.02526998519897461
centred,1.0,8,0,20000.0,Seidel-5 (physics),0.0011863724170483353,0.0013749119074574446,1.5853004455566406
centred,1.0,8,0,20000.0,Zernike-quad-31 (physics),0.016130457451179026,0.020505176446675717,1.9227123260498047
centred,1.0,8,0,20000.0,hybrid: Zquad + GP residual,0.0226172432659166,0.03759998864200895,2.791769027709961
centred,1.0,8,1,20000.0,mean (invariant),0.13992347275589212,0.17140252751420715,0.00010704994201660156
centred,1.0,8,1,20000.0,nearest bead,0.12998249250173338,0.15027312816192456,4.100799560546875e-05
centred,1.0,8,1,20000.0,IDW kNN,0.12804451601854597,0.13430082931493004,3.790855407714844e-05
centred,1.0,8,1,20000.0,poly pixels (PSFEx),0.13526434362335046,0.15085422808095783,0.0003132820129394531
centred,1.0,8,1,20000.0,PCA+poly (Jee07),0.13524390493554456,0.15086312814566266,0.000331878662109375
centred,1.0,8,1,20000.0,PCA+RBF (Gentile13),0.10456933459361625,0.1240337747530447,0.002480030059814453
centred,1.0,8,1,20000.0,PCA+GP (PIFF-like),0.13983161940386007,0.1712373275923563,0.05326962471008301
centred,1.0,8,1,20000.0,Seidel-5 (physics),0.004524700629698867,0.0045112404279347125,1.5247578620910645
centred,1.0,8,1,20000.0,Zernike-quad-31 (physics),0.024400829887569024,0.0227249159234322,1.5939064025878906
centred,1.0,8,1,20000.0,hybrid: Zquad + GP residual,0.029000711037417942,0.036620933572497474,1.7223422527313232
centred,1.0,8,2,20000.0,mean (invariant),0.14136696077081934,0.16927418680803788,0.00010466575622558594
centred,1.0,8,2,20000.0,nearest bead,0.13013518309466401,0.15096290625319278,3.933906555175781e-05
centred,1.0,8,2,20000.0,IDW kNN,0.13298760854716177,0.13934279815475437,3.7670135498046875e-05
centred,1.0,8,2,20000.0,poly pixels (PSFEx),0.15912620279518597,0.16894753938284518,0.0003113746643066406
centred,1.0,8,2,20000.0,PCA+poly (Jee07),0.15926445417654683,0.16912682454381883,0.0003814697265625
centred,1.0,8,2,20000.0,PCA+RBF (Gentile13),0.12636291307789613,0.13666369401498782,0.00251007080078125
centred,1.0,8,2,20000.0,PCA+GP (PIFF-like),0.1413669575706935,0.16927423315592646,0.0593867301940918
centred,1.0,8,2,20000.0,Seidel-5 (physics),0.001547499754843075,0.002102439312277979,1.4829931259155273
centred,1.0,8,2,20000.0,Zernike-quad-31 (physics),0.009943339533012104,0.011902776099249383,1.857187032699585
centred,1.0,8,2,20000.0,hybrid: Zquad + GP residual,0.017033424394151283,0.028387420156994175,2.271285057067871
decentred,1.0,8,0,20000.0,mean (invariant),0.22942865213350203,0.28838630833202183,9.489059448242188e-05
decentred,1.0,8,0,20000.0,nearest bead,0.24692536791971678,0.24625958741292417,4.5299530029296875e-05
decentred,1.0,8,0,20000.0,IDW kNN,0.17409480528893884,0.20522599028025718,3.695487976074219e-05
decentred,1.0,8,0,20000.0,poly pixels (PSFEx),0.27404722748624993,0.3313266857372927,0.0002777576446533203
decentred,1.0,8,0,20000.0,PCA+poly (Jee07),0.2740370609540199,0.33136042313730396,0.00037860870361328125
decentred,1.0,8,0,20000.0,PCA+RBF (Gentile13),0.14929234242005093,0.18685431089160798,0.0023932456970214844
decentred,1.0,8,0,20000.0,PCA+GP (PIFF-like),0.22382709738261003,0.280624987908117,0.06666994094848633
decentred,1.0,8,0,20000.0,Seidel-5 (physics),0.06940177829223051,0.11263904441864746,1.4921181201934814
decentred,1.0,8,0,20000.0,Zernike-quad-31 (physics),0.07321994934967349,0.10106903449461098,2.6128859519958496
decentred,1.0,8,0,20000.0,hybrid: Zquad + GP residual,0.07230225543221977,0.09848309109599979,2.87050461769104
decentred,1.0,8,1,20000.0,mean (invariant),0.22486496150312305,0.2405610523045244,9.775161743164062e-05
decentred,1.0,8,1,20000.0,nearest bead,0.21066591610536534,0.2040900521364168,3.814697265625e-05
decentred,1.0,8,1,20000.0,IDW kNN,0.2063587581202053,0.18483674323352553,3.457069396972656e-05
decentred,1.0,8,1,20000.0,poly pixels (PSFEx),0.230853845931322,0.22584377627207886,0.0002777576446533203
decentred,1.0,8,1,20000.0,PCA+poly (Jee07),0.23082271135502777,0.22580911554626568,0.0003638267517089844
decentred,1.0,8,1,20000.0,PCA+RBF (Gentile13),0.17904182577007105,0.16815008753474248,0.002457857131958008
decentred,1.0,8,1,20000.0,PCA+GP (PIFF-like),0.22380459533207495,0.23895373533894818,0.07338643074035645
decentred,1.0,8,1,20000.0,Seidel-5 (physics),0.0754098167980824,0.11886200808669119,1.9937422275543213
decentred,1.0,8,1,20000.0,Zernike-quad-31 (physics),0.07151383431879316,0.1047869948098969,2.584068775177002
decentred,1.0,8,1,20000.0,hybrid: Zquad + GP residual,0.06727346009297411,0.09142535862580885,2.7932567596435547
decentred,1.0,8,2,20000.0,mean (invariant),0.21960609086470684,0.22875108592387872,0.00010752677917480469
decentred,1.0,8,2,20000.0,nearest bead,0.21601521276334718,0.21935192306791396,3.910064697265625e-05
decentred,1.0,8,2,20000.0,IDW kNN,0.21675164581341097,0.2042760696724475,3.790855407714844e-05
decentred,1.0,8,2,20000.0,poly pixels (PSFEx),0.2547124416463614,0.24554414489270723,0.0003020763397216797
decentred,1.0,8,2,20000.0,PCA+poly (Jee07),0.2546951577105027,0.24553529479030858,0.00040268898010253906
decentred,1.0,8,2,20000.0,PCA+RBF (Gentile13),0.21155059923889707,0.20479961989166465,0.002691507339477539
decentred,1.0,8,2,20000.0,PCA+GP (PIFF-like),0.21464770747770728,0.21873038134114622,0.03898477554321289
decentred,1.0,8,2,20000.0,Seidel-5 (physics),0.06700384530320132,0.0987055029453763,1.297300100326538
decentred,1.0,8,2,20000.0,Zernike-quad-31 (physics),0.12510795640204841,0.1587803258399608,1.9450418949127197
decentred,1.0,8,2,20000.0,hybrid: Zquad + GP residual,0.12691474871714312,0.1617791944747062,2.1986732482910156
decentred,2.0,8,0,20000.0,mean (invariant),0.5054502927438207,0.5325712189166298,0.00010228157043457031
decentred,2.0,8,0,20000.0,nearest bead,0.42967708418251366,0.4021593275102346,4.3392181396484375e-05
decentred,2.0,8,0,20000.0,IDW kNN,0.3767478440275601,0.3951213574347274,4.029273986816406e-05
decentred,2.0,8,0,20000.0,poly pixels (PSFEx),0.5264371897373887,0.5549662950769706,0.0003197193145751953
decentred,2.0,8,0,20000.0,PCA+poly (Jee07),0.5263496418919424,0.5548407309707001,0.0003643035888671875
decentred,2.0,8,0,20000.0,PCA+RBF (Gentile13),0.2914502445970515,0.32593628059205715,0.0024690628051757812
decentred,2.0,8,0,20000.0,PCA+GP (PIFF-like),0.4948656633897242,0.5188457748309422,0.025014162063598633
decentred,2.0,8,0,20000.0,Seidel-5 (physics),0.17902042609359392,0.23641122798276162,2.5111312866210938
decentred,2.0,8,0,20000.0,Zernike-quad-31 (physics),0.17003960475768984,0.20685435388016093,3.677222490310669
decentred,2.0,8,0,20000.0,hybrid: Zquad + GP residual,0.1660522361906219,0.19353614682205575,4.124637842178345
decentred,2.0,8,1,20000.0,mean (invariant),0.4841602215241272,0.46443431684976744,0.00010752677917480469
decentred,2.0,8,1,20000.0,nearest bead,0.45639506344389985,0.37274367307524714,4.9114227294921875e-05
decentred,2.0,8,1,20000.0,IDW kNN,0.4238670800008912,0.35151123764883274,4.57763671875e-05
decentred,2.0,8,1,20000.0,poly pixels (PSFEx),0.4942630692395456,0.43490069330756753,0.000324249267578125
decentred,2.0,8,1,20000.0,PCA+poly (Jee07),0.49426888708107136,0.434882317463815,0.0003745555877685547
decentred,2.0,8,1,20000.0,PCA+RBF (Gentile13),0.33178072563342453,0.2957760796640282,0.002520322799682617
decentred,2.0,8,1,20000.0,PCA+GP (PIFF-like),0.4330415378784727,0.4005625068557179,0.041498661041259766
decentred,2.0,8,1,20000.0,Seidel-5 (physics),0.2022500586215087,0.26156408241705303,1.5771980285644531
decentred,2.0,8,1,20000.0,Zernike-quad-31 (physics),0.1798477655448331,0.21842238869001604,2.4897913932800293
decentred,2.0,8,1,20000.0,hybrid: Zquad + GP residual,0.1680101258981606,0.17564841581556528,2.8056867122650146
decentred,2.0,8,2,20000.0,mean (invariant),0.5020812482647261,0.46556908048377404,0.0001270771026611328
decentred,2.0,8,2,20000.0,nearest bead,0.5002723805947105,0.4146103572743055,4.267692565917969e-05
decentred,2.0,8,2,20000.0,IDW kNN,0.49681364468406664,0.40530133493544757,5.054473876953125e-05
decentred,2.0,8,2,20000.0,poly pixels (PSFEx),0.620305274130341,0.4960846249719986,0.0002968311309814453
decentred,2.0,8,2,20000.0,PCA+poly (Jee07),0.6203058304457648,0.49609528362321914,0.0004749298095703125
decentred,2.0,8,2,20000.0,PCA+RBF (Gentile13),0.44642492523970445,0.3548801814492452,0.0027010440826416016
decentred,2.0,8,2,20000.0,PCA+GP (PIFF-like),0.433529763996018,0.37660751665763237,0.05583500862121582
decentred,2.0,8,2,20000.0,Seidel-5 (physics),0.1710935566318092,0.2194267165491408,1.7257730960845947
decentred,2.0,8,2,20000.0,Zernike-quad-31 (physics),0.30007449454884144,0.3124013726411931,2.0893239974975586
decentred,2.0,8,2,20000.0,hybrid: Zquad + GP residual,0.2960492868970965,0.29814705485049653,2.4665117263793945
